"Locus","Product","KEGG1","KEGG2","KEGG3","Dawn0.1","Dawn0.2","Dawn0.3","Dawn0","Dusk0.1","Dusk0.2","Dusk0.3","Dusk0","MidDark1.1","MidDark1.2","MidDark1.3","MidDark1","Dawn1.1","Dawn1.2","Dawn1.3","Dawn1","MidLight1.1","MidLight1.2","MidLight1.3","MidLight1","Dusk1.1","Dusk1.2","Dusk1.3","Dusk1","MidDark2.1","MidDark2.2","MidDark2.3","MidDark2","Dawn2.1","Dawn2.2","Dawn2.3","Dawn2","MidLight2.1","MidLight2.2","MidLight2.3","MidLight2","Dusk2.1","Dusk2.2","Dusk2.3","Dusk2","Dark24.1","Dark24.2","Dark24.3","Dark24","Light24.1","Light24.2","Light24.3","Light24","p_value","bh_p_adjusted","bonf_p_adjusted","holm_p_adjusted"
"Npun_R0116","type II secretion system protein","Brite Hierarchies","Protein families: signaling and cellular processes","Secretion system",37140,65492,27633,35,29960,34332,33077,26,35783,37641,36477,29,28768,27583,21721,21,36067,36160,35429,29,33742,33178,30267,26,38744,76690,59199,47,62191,56960,58880,48,66068,92919,35701,53,57915,72345,70593,54,43126,60065,33342,37,228590,241892,137542,165,0.00165501506379412,0.0495989195434779,1,1
"Npun_F0152","hypothetical protein","Poorly characterized","Poorly characterized","Poorly characterized",191214,1219884,992760,1090,200402,221333,104665,238,357598,1074624,863722,1041,1206870,1114702,1138581,1569,435133,259335,338117,468,820940,586542,653785,934,3474365,3119737,3701400,4669,3679635,2644628,2937934,4200,1181662,1259782,784266,1462,558463,697783,624542,852,1899448,1729719,923835,2064,1931129,2818937,1806284,2973,0.00168058678588355,0.0495989195434779,1,1
"Npun_R0197","hypothetical protein","Poorly characterized","Poorly characterized","Poorly characterized",33913,78419,23190,100,10755,4784,4978,15,33927,85044,58980,131,55819,57655,49109,120,17141,13353,12101,31,17694,18031,17201,39,66802,52951,56958,130,72845,76854,48758,147,21443,19104,4406,33,15755,12078,11150,28,33971,38484,49492,90,8641,5778,6287,15,0.00028656788266534,0.0317292089398043,1,1
"Npun_F0441","cyclophilin type peptidyl-prolyl cis-trans isomerase","Not Included in Pathway or Brite","Unclassified: metabolism","Enzymes with EC numbers",100936,91276,65155,76,457946,449666,497300,415,145342,123600,123615,116,97196,105691,121956,95,379431,359656,375824,329,279904,281752,353744,270,126526,109200,125009,106,88994,97213,106976,86,330610,337330,279748,280,295088,311086,333887,277,71831,72476,77328,65,237266,247601,294499,230,0.00160833383987175,0.0495989195434779,1,1
"Npun_F0496","ferredoxin","Poorly characterized","Poorly characterized","Poorly characterized",7785,9187,4532,30,6173,6895,5378,25,14793,8481,10598,47,12668,9218,13713,50,4575,4858,4897,20,5495,4260,4678,20,5480,7011,7962,28,8688,9638,7793,36,6036,4708,2712,18,4325,3980,4205,17,6592,8355,8300,32,6545,4589,4576,22,0.00165270530948346,0.0495989195434779,1,1
"Npun_R0630","hypothetical protein","Poorly characterized","Poorly characterized","Poorly characterized",13422,15856,6091,8,59017,81474,82515,55,23736,22825,19947,16,14912,14787,18404,12,67245,76325,70843,53,64718,61456,65219,48,28592,29328,29153,21,18853,21121,21559,15,74241,77787,67227,54,77279,78242,82461,59,18123,26807,22347,16,75740,78271,80531,58,0.000570384057341338,0.036437418861839,1,1
"Npun_R0664","hypothetical protein","Poorly characterized","Poorly characterized","Poorly characterized",173763,334555,122336,183,61509,49029,57666,49,175949,253492,274297,205,244340,236964,224282,205,59253,61610,60533,52,96841,86754,73729,75,238789,222768,206806,194,220227,198173,180225,174,67638,56087,68282,55,67694,56648,62921,54,101218,112417,125887,99,43843,35443,35597,33,0.000283960968064448,0.0317292089398043,1,1
"Npun_F0718","potassium-transporting ATPase A","Environmental Information Processing","Signal transduction","Two-component system",24876,58361,78605,30,46590,63566,46657,29,28540,57091,52291,26,59983,62598,66827,36,17261,22050,22103,11,23420,25609,19500,13,92473,103509,122426,60,104527,110028,122145,64,27751,30484,8813,12,26651,22402,23889,13,52738,61303,35878,28,61675,30696,39658,25,0.00060142692433748,0.036437418861839,1,1
"Npun_R0727","peptidase S1 and S6, chymotrypsin/Hap","Poorly characterized","Poorly characterized","Poorly characterized",235019,476922,701383,373,165637,251319,313704,192,447639,358405,344238,303,353117,419456,449274,322,209414,204329,228310,169,211638,196633,229280,168,469997,431481,492859,367,424383,431669,499448,357,186705,205443,171490,148,153711,155421,188584,131,223158,235805,190847,171,170500,158929,231925,148,5.26070322704442e-05,0.0169803809717378,0.305646857491281,0.304752537942683
"Npun_R0751","phage integrase family protein","Poorly characterized","Poorly characterized","Poorly characterized",142404,204201,133843,133,56768,46644,55006,43,140327,198855,186381,145,228863,225169,175862,174,60835,58224,56635,48,55506,59488,53084,46,197589,181808,183480,155,213073,194326,193314,166,41560,38289,43044,34,52061,52182,51627,43,100213,95217,98116,81,34772,32896,34912,28,0.000647079268575581,0.036437418861839,1,1
"Npun_F0822","urease accessory protein UreD","Not Included in Pathway or Brite","Unclassified: genetic information processing","Protein processing",9385,10130,3502,9,24157,34631,32048,36,14948,8294,10844,13,9786,9965,10474,11,17655,19222,19357,22,17853,17891,24203,23,12224,11299,13822,14,11557,12383,13708,14,13885,20064,22453,22,17745,16571,25103,23,12958,15576,16716,17,12867,18410,22376,21,0.000477432270434419,0.034245450508938,1,1
"Npun_R0876","anti-sigma regulatory factor, serine/threonine protein kinase","Brite Hierarchies","Protein families: metabolism","Protein kinases",226518,371586,167657,567,155331,114577,133060,298,147723,225083,205958,428,214936,217198,184314,456,99689,115862,102434,235,118711,115194,88814,239,147511,144384,116081,302,159191,159484,106809,315,72642,63684,51222,138,95327,91257,85093,201,150372,134756,142688,316,56918,44162,52659,113,0.0016033392396174,0.0495989195434779,1,1
"Npun_R0896","multi-sensor hybrid histidine kinase","Poorly characterized","Poorly characterized","Poorly characterized",358562,434020,377133,110,246379,253176,279581,73,363415,398206,399439,109,347198,362990,399762,104,255634,256138,276056,74,255653,260045,256182,72,351607,459643,467084,120,412901,440207,441682,122,326847,522261,266120,105,323798,357627,416555,103,371641,419783,341506,106,668560,973878,655844,216,0.000105357511577028,0.023543351625482,0.612127142262533,0.609493204473107
"Npun_F0980","hypothetical protein","Poorly characterized","Poorly characterized","Poorly characterized",48006,102222,169835,179,159531,260604,291961,399,126933,90928,88166,171,65777,73462,96611,132,145500,110616,131976,217,140495,134146,181657,256,120739,108009,158452,217,78313,108239,134869,180,245727,288208,214870,420,214353,236436,292271,416,164503,137917,102814,227,195799,334371,315489,474,0.00129893595354768,0.0460171822567807,1,1
"Npun_R0988","ATP-dependent Clp protease-like protein","Brite Hierarchies","Protein families: metabolism","Peptidases and inhibitors",599863,923651,1029605,1283,1489189,2174186,2109702,2902,1003462,741543,852587,1305,816347,849846,993065,1336,1285533,1319585,1488987,2058,1407028,1285340,1606934,2161,986215,1071046,1187555,1631,1001226,926307,1298657,1622,1668020,1919372,1679784,2648,1440706,1514386,1907205,2444,1516033,1904127,1133836,2289,1592875,2522099,2478431,3314,0.000422260373938052,0.0322806943760537,1,1
"Npun_F0995","NAD(P)H-dependent glycerol-3-phosphate dehydrogenase","Metabolism","Lipid metabolism","Glycerophospholipid metabolism",223494,266260,73513,201,73812,63377,77970,77,137552,187716,169056,177,189529,178351,182330,197,76219,87595,75420,85,85877,98089,88688,97,165314,152578,143657,165,163536,151965,130831,159,54570,50689,48302,55,70600,69015,63313,72,79975,68283,108620,92,40403,47989,49110,49,0.0008178782755484,0.0399317040414807,1,1
"Npun_R1017","hypothetical protein","Poorly characterized","Poorly characterized","Poorly characterized",18664,22008,27339,15,91203,92377,90788,61,33748,35367,31689,22,25325,27149,33099,19,81410,79547,74752,52,71584,72027,80098,49,36323,31082,36316,23,21462,28884,27088,17,74044,74685,100579,55,76905,75359,90441,54,25232,30064,25996,18,63972,56584,74199,43,0.000312986556160249,0.0317292089398043,1,1
"Npun_R1041","hypothetical protein","Poorly characterized","Poorly characterized","Poorly characterized",608184,719786,154443,815,113644,61027,74225,136,464938,847456,726689,1121,679742,605530,535733,1001,127167,133984,127195,213,165477,158459,103258,234,632642,505431,411844,852,427108,468548,349717,685,143582,92814,222780,252,111305,90684,71130,150,176696,145088,224322,300,103067,81855,84084,147,0.0010855651828472,0.0431149002004198,1,1
"Npun_F1127","S-layer protein","Poorly characterized","Poorly characterized","Poorly characterized",60855,97053,48999,101,38932,41421,48334,62,70364,73180,64092,101,66270,74433,60473,98,47633,49053,48328,70,50712,48172,47818,71,92234,99464,91323,138,94595,100331,99133,143,48432,53035,43136,70,51415,52252,52888,76,55337,65846,59264,88,34916,40563,39236,56,5.7964560928404e-05,0.017526344850729,0.336774098994027,0.335730736897316
"Npun_R1132","OstA family protein","Brite Hierarchies","Protein families: signaling and cellular processes","Transporters",241731,244942,145114,415,141762,126072,143799,270,180793,202468,220090,396,208205,187951,164403,368,144037,152970,133504,283,139882,145048,136108,276,167485,158958,150317,313,162632,161617,169583,324,95302,105680,119005,210,122618,115272,118092,234,97159,91603,110162,196,83619,71447,93946,163,0.00139631486749613,0.0477211140008971,1,1
"Npun_R1136","hypothetical protein","Poorly characterized","Poorly characterized","Poorly characterized",16198,34776,30370,22,15778,15747,12450,12,19924,26618,24358,19,31045,28089,36281,26,15720,15423,16014,13,25405,25379,23117,20,48111,89565,75933,60,80926,66963,69207,61,37401,55829,32624,35,33241,51114,43954,36,50183,67813,33530,42,105230,115500,71209,82,0.000853215156806664,0.040659886005048,1,1
"Npun_F1175","hypothetical protein","Poorly characterized","Poorly characterized","Poorly characterized",30128,26462,18128,61,10643,23528,19021,43,19780,24149,17809,50,18107,21457,18003,47,12460,14915,14610,34,12633,12739,13012,31,17519,19463,20348,47,19242,21256,18377,48,11111,10481,17706,32,13922,12923,16109,35,15610,13933,20216,40,8799,10702,15699,28,0.00167528761962094,0.0495989195434779,1,1
"Npun_R1240","hypothetical protein","Not Included in Pathway or Brite","Poorly characterized","Function unknown",184176,205434,134902,236,517864,636901,618158,800,227968,208599,222458,297,227700,228096,230494,309,608970,569163,596446,801,577207,525550,670757,801,211342,203325,224233,288,218516,201461,219396,288,740603,778353,407051,869,591809,598720,639465,826,225972,207317,218769,294,524721,567101,611746,769,5.88027019959055e-06,0.0119383371953759,0.0341643698596211,0.0341643698596211
"Npun_R1356","hypothetical protein","Poorly characterized","Poorly characterized","Poorly characterized",17096,28172,51942,65,15750,17594,15273,32,27260,24699,27051,53,22391,27429,28075,52,6330,6264,5946,12,7433,7706,8351,15,16102,18517,22996,38,13853,23781,28354,44,6707,7685,4902,12,8068,7854,11416,18,12956,12436,12222,25,5953,10909,10144,18,0.000598475270547826,0.036437418861839,1,1
"Npun_F1439","integral membrane sensor signal transduction histidine kinase","Poorly characterized","Poorly characterized","Poorly characterized",34848,45316,16009,22,15674,12760,21209,11,25122,32975,33352,21,29509,30057,23263,19,13983,12595,12778,9,15305,16723,11721,10,24993,27889,21502,17,28851,31178,20721,18,7823,9893,9616,6,11420,9469,9696,7,36017,28986,33620,22,8871,11993,11137,7,0.000366145664384641,0.0317292089398043,1,1
"Npun_R1440","hypothetical protein","Poorly characterized","Poorly characterized","Poorly characterized",16129,35733,18246,102,9170,9449,5580,35,17648,20819,22054,88,22082,22667,19038,93,6666,5955,6403,27,7331,8015,5625,30,20781,20523,19630,89,21022,21209,16299,85,4034,4224,5245,19,4820,7180,5188,25,22185,20115,20576,91,6516,4036,8609,28,5.19494445838913e-05,0.0169803809717378,0.301826273032409,0.300995081919066
"Npun_R1441","ATPase P","Poorly characterized","Poorly characterized","Poorly characterized",444515,747299,481400,244,190805,127885,130928,65,277324,651220,528148,212,657299,581174,535566,259,220872,222475,229165,98,225927,243500,168503,93,600421,572472,465387,239,554269,617091,346526,221,152477,162786,130611,65,152545,155386,110965,61,353201,369160,564375,187,205474,127886,181451,75,0.00125656197358134,0.0455259843584917,1,1
"Npun_F1455","surface antigen (D15)","Brite Hierarchies","Protein families: genetic information processing","Mitochondrial biogenesis",78920,138213,125014,55,33164,28592,31927,15,96860,116261,115669,53,117214,121289,129660,59,32598,32028,37993,16,45116,42484,41100,20,115279,106378,115650,54,97754,109962,108406,50,27881,28709,36272,14,32006,35414,33334,16,60855,67715,67089,31,24474,21101,22903,11,0.000293063761554893,0.0317292089398043,1,1
"Npun_F1468","hypothetical protein","Poorly characterized","Poorly characterized","Poorly characterized",12216,10735,4561,3,18130,18704,19617,6,11153,15395,11615,4,11773,11867,15734,4,16104,20577,18622,6,24267,25858,25370,8,14092,19227,18462,6,14865,15656,14967,5,37800,50780,36028,14,39511,44618,55955,16,13603,18619,10860,5,95282,121753,92577,36,0.00169574065995051,0.0495989195434779,1,1
"Npun_R1472","cyclic nucleotide-binding protein","Poorly characterized","Poorly characterized","Poorly characterized",45778,75119,48587,153,221979,145086,229736,539,97567,83938,85902,241,81612,71393,70168,201,179353,174089,152368,456,151361,145938,172586,424,83613,72616,69002,203,66664,64797,68829,180,169654,155074,106991,389,162428,169855,159308,444,69678,67740,62315,180,93631,62345,86251,218,0.00166689236163176,0.0495989195434779,1,1
"Npun_R1483","cobyrinic acid a,c-diamide synthase","Brite Hierarchies","Protein families: genetic information processing","Chromosome and associated proteins",19616,17907,6474,16,144087,86791,109253,128,25623,27400,22355,28,21082,20933,24320,24,113787,94615,100263,116,125432,125386,143825,148,23304,25045,23025,26,20141,16843,23353,22,105924,93184,109796,116,102595,109081,115642,123,22554,23542,21841,25,88011,68391,73556,86,0.00128472880076752,0.0457930940641676,1,1
"Npun_F1484","deoxyhypusine synthase-like protein","Not Included in Pathway or Brite","Unclassified: metabolism","Enzymes with EC numbers",81645,61444,43407,52,284579,220218,244616,212,82216,68578,73435,63,72100,66485,60971,56,254410,238847,223446,203,224216,236629,292623,214,71739,69108,68348,59,56016,51177,59686,47,243819,232507,358238,237,213474,220854,250296,194,85304,92834,79220,73,167676,149479,160987,135,0.000881780660350438,0.040659886005048,1,1
"Npun_F1513","hypothetical protein","Poorly characterized","Poorly characterized","Poorly characterized",48997,50123,38404,79,22672,36224,27932,49,38604,29294,30520,56,34097,41911,27030,59,16816,19299,19561,32,20460,23055,20418,36,36608,37695,40752,66,42912,41303,47436,75,20251,22243,20399,36,19875,17823,25717,36,52019,43399,40770,78,17048,34404,31216,47,0.00143329278314738,0.0484152969191062,1,1
"Npun_R1544","hypothetical protein","Metabolism","Lipid metabolism","Sphingolipid metabolism",36435,39256,22483,13,99343,80483,93234,37,43055,39643,41315,17,42701,36859,43390,17,76367,65724,63924,28,58014,62975,72258,26,45156,34418,38621,16,34630,38808,36356,15,59130,57232,63431,24,63056,63836,67877,26,33492,31228,39448,14,54477,69225,78350,27,0.000933910980488948,0.0420183029490999,1,1
"Npun_R1548","glycoside hydrolase family protein","Poorly characterized","Poorly characterized","Poorly characterized",226392,228646,163978,92,332117,326172,347015,150,250103,234561,251313,110,244476,222728,235706,105,307196,296813,307789,136,278846,292237,327084,134,231201,248542,246397,108,236010,236051,230287,105,297444,303593,325309,138,297107,320954,330712,141,218851,228484,232561,101,277656,330750,351286,143,0.000293338960394155,0.0317292089398043,1,1
"Npun_R1575","Mg-protoporphyrin IX methyl transferase","Metabolism","Metabolism of cofactors and vitamins","Porphyrin metabolism",22750,19994,11477,26,119547,85099,115058,155,30842,28037,28803,42,21217,20025,21275,30,115232,100213,113603,159,89306,89565,110409,140,27353,26588,31443,41,21537,25670,27596,36,94659,88182,58653,117,86045,91167,90921,130,24796,28198,25624,38,73877,53415,60190,90,0.000529811693965128,0.0357930923481093,1,1
"Npun_R1593","lactoylglutathione lyase protein","Poorly characterized","Poorly characterized","Poorly characterized",72603,97432,97939,220,42797,57562,65099,136,67586,63230,57208,154,52870,59921,58992,141,35392,39475,40567,95,39640,41928,36676,97,61443,67042,67066,160,63491,64531,74814,166,46534,61986,27670,112,42350,50238,57288,123,126440,100539,70425,244,42793,74072,54865,141,0.00162785040609379,0.0495989195434779,1,1
"Npun_R1622","hydrolase","Not Included in Pathway or Brite","Poorly characterized","General function prediction only",80385,77773,63507,114,56776,33232,45671,70,84825,78308,92334,132,92465,99694,64120,132,59516,63734,48944,88,68410,65792,59988,100,82876,97068,72360,130,100981,75419,83896,134,55580,62121,57590,90,60419,56399,62216,92,70881,80607,64960,111,59641,35336,45575,72,0.00121194512571624,0.0451371870539189,1,1
"Npun_R1683","response regulator receiver modulated serine phosphatase","Brite Hierarchies","Protein families: genetic information processing","Transcription machinery",54677,57955,39611,42,33105,35915,30452,27,32559,44731,43879,33,39717,44187,35941,33,38288,41826,40054,33,38711,37851,35396,31,51195,84596,72108,58,84945,75764,70551,64,52626,64672,40906,44,52337,56976,59829,47,62957,68177,51588,51,129494,127506,88970,96,0.000879852847073464,0.040659886005048,1,1
"Npun_R1705","hypothetical protein","Metabolism","Energy metabolism","Photosynthesis",31082,12755,7298,66,173920,51812,97173,422,35642,55662,50665,185,21790,20304,19568,80,209158,215159,185496,797,145612,185038,180813,668,26205,23117,21315,92,13645,14648,12299,53,128216,98155,96903,422,144254,127834,107040,495,11357,11793,13658,48,110547,71345,83745,347,0.00163211315232244,0.0495989195434779,1,1
"Npun_F1721","hypothetical protein","Poorly characterized","Poorly characterized","Poorly characterized",1658851,1016053,333078,1459,678541,300049,415166,676,687605,1742599,1531205,1922,1560302,1389954,1159524,1994,759474,760262,705421,1079,767246,875172,961003,1263,1135710,958095,777720,1393,1110410,1094721,736256,1427,563467,430976,459220,705,567087,502338,453507,738,365351,430041,840721,793,475034,182570,240801,435,0.000306321301053916,0.0317292089398043,1,1
"Npun_R1736","major facilitator transporter","Poorly characterized","Poorly characterized","Poorly characterized",76589,84149,73366,61,60307,62824,58743,48,85580,100478,94998,74,99332,85515,87732,71,71580,61977,59393,50,60675,64295,63071,49,61659,59723,60818,48,56429,64751,50731,45,67684,60942,32257,42,50290,55564,54056,42,52449,42840,58209,40,46852,41480,47414,35,0.000134548117355704,0.0250645994690882,0.781724561836641,0.777822666433326
"Npun_F1738","ferrochelatase","Metabolism","Metabolism of cofactors and vitamins","Porphyrin metabolism",282044,457403,306415,311,752449,649995,690072,623,313733,298910,351510,287,331575,326687,342220,298,463849,485871,479333,425,476904,422305,450934,402,346279,381860,395843,334,398558,331209,416929,341,741665,804294,393184,577,586952,615826,588570,533,435211,545909,350605,396,709331,758532,696017,644,0.000497567499860511,0.0352544777340191,1,1
"Npun_F1746","monooxygenase-like protein","Not Included in Pathway or Brite","Unclassified: metabolism","Enzymes with EC numbers",3626,6012,0,2,12757,17026,11115,9,7236,5670,4310,4,5245,7273,6803,4,11553,10960,13015,8,11089,8799,10651,7,7016,7724,8162,5,6072,6239,8513,5,12351,19354,20363,12,14875,15911,19374,12,4726,3022,3953,2,19735,23577,29754,17,7.91456932372801e-05,0.0191598532378582,0.459836477708597,0.45801612676414
"Npun_F1748","amidohydrolase 2","Poorly characterized","Poorly characterized","Poorly characterized",9350,8808,9123,5,69689,57258,51776,38,9576,11410,14699,7,10918,11074,9660,6,50351,52517,57267,34,72112,63914,60228,42,13397,14215,11141,8,10782,10000,14821,7,66615,77219,94610,51,69516,81143,78061,49,12677,14549,10884,8,147765,130780,168573,96,0.000268672354544945,0.0317292089398043,1,1
"Npun_F1749","phospholipase/carboxylesterase","Poorly characterized","Poorly characterized","Poorly characterized",1260,544,0,0,10169,3480,6830,10,3040,2659,3253,4,2278,2070,1482,2,6560,6103,7454,10,7411,6236,5029,9,2679,1968,2007,3,1127,1346,1595,2,9291,7852,9728,13,9344,8633,9649,13,1816,2570,1470,2,20064,11625,15555,23,0.000655045220822067,0.036437418861839,1,1
"Npun_F1846","cell wall hydrolase/autolysin","Human Diseases","Drug resistance: antimicrobial","Cationic antimicrobial peptide (CAMP) resistance",232499,374814,369717,175,272777,440690,348412,191,295635,225384,239110,136,240002,253641,254840,134,243495,261707,290308,143,303691,282676,244712,149,292870,304712,318117,164,268224,268921,294682,149,328144,439646,326104,196,338665,375840,400387,200,323452,279763,224084,148,347406,466271,403697,219,0.0016694352623673,0.0495989195434779,1,1
"Npun_R2060","ThiJ/PfpI domain-containing protein","Poorly characterized","Poorly characterized","Poorly characterized",10533,12912,9152,12,517,766,1181,0,9112,9461,7325,10,11439,12036,14180,14,913,1301,1760,1,2595,2164,2509,2,11236,15524,16970,17,14820,17306,13132,17,1414,1561,3148,2,2787,2674,3277,3,30284,20655,29107,31,2477,1978,1770,2,0.00124678776423695,0.0455259843584917,1,1
"Npun_R2062","N-acyl-D-glucosamine 2-epimerase","Poorly characterized","Poorly characterized","Poorly characterized",36888,67836,44261,24,4764,3654,6297,2,34151,51126,47773,21,41371,53679,53227,24,7524,7995,6724,3,19790,17058,15775,8,78639,90932,94560,43,86013,94767,83111,43,23373,18907,12612,9,19240,22622,24373,10,78760,59054,62787,33,19189,22998,13883,9,0.000191460665560532,0.0317292089398043,1,1
"Npun_R2127","glyoxalase/bleomycin resistance protein/dioxygenase","Not Included in Pathway or Brite","Poorly characterized","Function unknown",8352,6458,10211,20,7590,2987,3936,11,7259,6254,7056,16,9631,7362,7457,19,6259,6463,8765,17,8349,8671,5895,18,11329,10887,13670,29,13177,11811,11091,29,9176,9540,6520,20,8509,8036,7799,19,14321,12900,13819,33,9178,8221,8257,20,0.0016081203068914,0.0495989195434779,1,1
"Npun_R2128","3-demethylubiquinone-9 3-methyltransferase","Not Included in Pathway or Brite","Poorly characterized","General function prediction only",8475,7990,8151,19,2360,4117,2650,7,5811,5700,7222,15,8459,7672,5894,17,4118,5646,5644,12,5725,3858,4628,11,8491,8389,11763,23,9564,11763,10611,25,6368,7469,8246,17,6589,5995,7516,16,11867,11438,10543,27,9449,9979,8499,22,0.00168390466668353,0.0495989195434779,1,1
"Npun_F2153","gas vesicle protein GvpN","Poorly characterized","Poorly characterized","Poorly characterized",41115,49508,35226,35,32583,33137,27809,26,25300,39626,37454,29,42064,39586,48437,36,40609,49291,39123,36,57130,52762,38050,42,84741,164392,117420,104,128784,120442,93962,97,81899,125095,43999,71,76540,99213,88040,74,58236,76282,55636,54,359672,325761,202746,252,0.000260943062428875,0.0317292089398043,1,1
"Npun_F2154","gas vesicle protein GvpJ","Poorly characterized","Poorly characterized","Poorly characterized",10045,10313,7474,26,4032,10853,6345,20,5525,6520,7015,18,8674,8313,6646,22,6081,5995,6413,17,9056,10440,5977,24,16588,33076,24695,70,27847,22350,21259,67,12035,27277,9976,46,17758,20112,21178,56,16534,19117,9229,42,89396,97684,58540,233,0.00113977819227947,0.0435069261331477,1,1
"Npun_F2156","gas vesicle synthesis protein GvpF","Poorly characterized","Poorly characterized","Poorly characterized",6361,5897,8946,9,4477,4072,4034,5,4071,5379,3752,5,4896,4588,5013,6,4658,5138,5262,6,3536,4385,3554,5,5422,10178,7423,10,8302,9447,5989,10,8169,8228,5133,9,7679,7071,6279,9,5958,6158,5263,7,33406,34018,21623,39,0.0016059818880312,0.0495989195434779,1,1
"Npun_R2273","photosystem q(b) protein","Metabolism","Energy metabolism","Photosynthesis",243643,133200,49028,131,327365,452011,233962,311,137070,102095,129834,113,154172,158583,204979,159,591951,936239,1145507,822,981116,669859,415416,636,103030,156370,152155,126,253988,254944,288617,245,1900209,2992877,1441150,1949,2088094,2648888,1691166,1978,182379,207695,160323,169,2146905,2090677,1826305,1866,6.57209609416594e-05,0.0179875653622498,0.381838783071041,0.380524363852208
"Npun_R2336","ATP/GTP binding protein","Poorly characterized","Poorly characterized","Poorly characterized",12297,8581,0,5,8271,10415,9842,7,12674,9647,10521,8,10059,11184,12310,8,9977,10988,10061,7,10501,9120,14225,8,14529,17305,17726,12,14958,18760,17397,12,11098,13506,11346,9,12405,10774,12639,9,15951,18761,15931,12,16217,13855,12351,10,0.0007524615858891,0.039045097412445,1,1
"Npun_F2360","hypothetical protein","Poorly characterized","Poorly characterized","Poorly characterized",65083,108179,26486,189,9899,7258,7817,23,41497,140276,90378,258,81172,80385,105734,253,14962,19412,22850,54,36181,32617,31529,95,139559,110892,122593,354,114190,137307,85773,320,31519,24904,14994,67,27624,28258,21214,73,76541,75243,78893,219,25860,20404,19377,62,0.000333140659612475,0.0317292089398043,1,1
"Npun_R2361","RimK domain-containing protein ATP-grasp","Poorly characterized","Poorly characterized","Poorly characterized",34319,48761,20394,34,8979,11873,13141,11,16142,58882,43145,38,45334,38621,39744,40,7946,11001,11483,10,14155,10643,11340,11,48876,43866,43071,44,48121,56320,30012,44,9641,8708,13827,10,13709,13362,10383,12,36632,27271,33656,32,9328,10519,11912,10,1.02822621303281e-05,0.0119383371953759,0.0597399429772062,0.0597296607150758
"Npun_F2368","hypothetical protein","Poorly characterized","Poorly characterized","Poorly characterized",15225,24137,13537,7,15658,36697,21977,10,20559,14382,17471,7,14883,17172,14794,6,20928,19255,21603,8,25697,21312,21743,9,29348,51610,54195,19,44600,38957,49347,19,38171,63453,34170,19,36206,48357,52944,19,50186,59606,30530,20,145439,247369,154129,78,2.57837371433795e-05,0.0136185011639123,0.149803512803035,0.149545675431601
"Npun_R2389","oxidoreductase","Poorly characterized","Poorly characterized","Poorly characterized",14021,13703,9093,7,22019,29657,33523,16,7724,16446,12051,7,14336,13707,11674,7,17384,21948,24216,12,21003,23388,13162,11,10164,10893,8785,5,8470,10407,8819,5,14173,16545,15573,9,17925,16939,18317,10,9716,7532,14378,6,35910,27487,42284,20,0.000760055308652636,0.039045097412445,1,1
"Npun_F2480","RND family efflux transporter MFP subunit","Poorly characterized","Poorly characterized","Poorly characterized",42831,68634,47115,36,57202,74902,73750,47,70170,48370,56744,40,60244,56264,66503,41,50597,49558,50731,34,57516,54482,60499,39,66908,91482,84328,55,81459,73972,98114,57,65427,90018,78186,53,74286,74868,94937,55,85225,87891,70251,55,94181,150085,120880,83,0.00158680314719618,0.0495989195434779,1,1
"Npun_R2486","UDP-N-acetylmuramoylalanyl-D-glutamate--2,6-diaminopimelate ligase","Metabolism","Amino acid metabolism","Lysine biosynthesis",118739,104072,84137,68,193308,173016,196483,124,146758,131747,137831,92,129203,111523,116937,79,221747,256484,229358,156,265529,245321,281169,175,137663,159174,141496,97,122305,108678,120879,78,291484,271821,261785,182,286580,313332,273935,193,106918,127754,106384,75,341897,264946,269141,194,0.00160784114056933,0.0495989195434779,1,1
"Npun_F2507","twitching motility protein PilT","Brite Hierarchies","Protein families: signaling and cellular processes","Secretion system",17981,28358,38905,22,44755,64203,58379,43,20509,17782,18184,14,17766,20165,26790,16,41990,44202,46719,34,37075,37145,38211,29,27377,46338,37868,29,34199,37386,34169,27,49447,64256,49956,42,53398,57754,62703,45,22464,28385,26172,20,272706,305698,169907,195,0.00114570734911731,0.0435069261331477,1,1
"Npun_R2539","radical SAM domain-containing protein","Poorly characterized","Poorly characterized","Poorly characterized",554723,590013,418834,325,380368,321168,366965,222,668916,717719,717747,438,744678,726443,719220,456,388784,391559,364741,238,347092,340122,346603,215,585662,571793,587263,363,638339,655240,649342,405,386843,376183,332644,228,340335,342918,315781,208,591009,602865,659491,386,398286,335404,338056,223,0.000658507569792272,0.036437418861839,1,1
"Npun_F2551","aspartate ammonia-lyase","Metabolism","Carbohydrate metabolism","Citrate cycle (TCA cycle)",16996,22017,22807,14,176006,207706,236310,145,33249,23922,28775,20,20919,21509,22640,15,142151,118163,121676,89,151148,144159,212155,118,22210,29162,29105,18,15766,17840,27253,14,178610,183247,119516,112,149140,179300,211645,126,29582,27936,25458,19,125832,145481,169292,103,0.00155226082676996,0.0495989195434779,1,1
"Npun_F2553","inorganic pyrophosphatase","Metabolism","Energy metabolism","Oxidative phosphorylation",70134,75395,32754,115,556255,412461,538104,979,88530,86821,90576,172,95866,91851,79381,173,388776,352558,352467,710,363941,362238,478961,783,95328,72265,89141,166,73900,63396,83177,143,414374,431258,307634,749,394636,350481,428750,762,59476,69937,51635,117,360505,387214,424486,761,3.53406896623226e-05,0.0146663862098639,0.205329406938094,0.204869977972484
"Npun_R2597","hypothetical protein","Poorly characterized","Poorly characterized","Poorly characterized",52224,62618,61624,73,85081,109215,122072,132,84808,45827,59346,79,64131,64523,59306,78,68485,55418,61380,77,62535,64573,75676,85,70515,100955,104247,115,90661,84621,108041,118,112063,132130,121630,153,107879,135874,166933,172,138857,187391,86331,172,186165,252577,216235,274,0.000979413049514568,0.0423347315202593,1,1
"Npun_R2602","hypothetical protein","Poorly characterized","Poorly characterized","Poorly characterized",25966,13696,17686,35,26016,28104,32110,53,26763,23344,22150,44,25295,27006,34414,53,40622,39559,38741,73,32182,38270,37934,66,27104,40419,34599,63,30338,30940,39191,62,45928,42282,73407,99,44689,55213,61439,99,42721,63724,42485,91,79377,92645,92699,163,0.00102905576081583,0.0423347315202593,1,1
"Npun_R2605","hypothetical protein","Poorly characterized","Poorly characterized","Poorly characterized",60759,68215,103766,68,104032,208961,238198,161,135799,87033,106050,96,90486,95389,124110,90,130002,116903,124086,108,112910,122899,169891,118,126951,196770,204063,154,140166,147781,222659,149,235098,284579,260035,228,213858,278784,369210,252,323063,512630,209129,306,420787,967831,774162,634,0.000380505861846079,0.0317292089398043,1,1
"Npun_R2606","hypothetical protein","Poorly characterized","Poorly characterized","Poorly characterized",68268,83510,135256,102,125578,243876,249379,221,178857,84201,108329,132,84234,102433,126396,111,145626,132347,139990,149,150826,162696,206295,185,164337,288544,275903,260,195218,185394,295176,241,267350,335488,291689,319,236869,311078,446312,355,434626,657804,219296,468,495119,1279354,924855,964,0.00170736383970664,0.0495989195434779,1,1
"Npun_F2636","hypothetical protein","Poorly characterized","Poorly characterized","Poorly characterized",8972,12926,0,40,4147,3315,5899,24,5843,4823,4456,28,4622,5117,6747,30,1739,1257,2109,9,2191,2303,2499,12,4743,4497,5917,28,4543,5316,7353,31,2273,3445,2924,16,2867,3166,4534,19,10138,7515,6832,45,3322,6101,4415,25,0.00158868796990143,0.0495989195434779,1,1
"Npun_F2719","ErfK/YbiS/YcfS/YnhG family protein","Poorly characterized","Poorly characterized","Poorly characterized",63779,88512,73778,146,25012,20596,21984,43,48748,80615,60066,122,73088,80986,65325,141,24035,26151,29429,51,24532,25805,27397,50,59286,66686,62422,121,68881,94240,58834,143,17322,16285,28365,40,20946,23280,19892,41,23765,30070,49334,66,28201,14527,14111,36,0.00140456249202103,0.0477222694657438,1,1
"Npun_F2735","ABC transporter","Brite Hierarchies","Protein families: signaling and cellular processes","Transporters",56021,51059,20100,22,72670,79697,97131,44,59429,71465,70841,36,62802,66588,75402,36,100629,91741,104169,53,85673,89565,105415,50,73304,64016,73774,38,56984,80457,70042,37,98875,84531,65769,44,76980,81360,85602,43,42126,47938,51980,25,78903,55259,75199,37,0.000614545308917505,0.036437418861839,1,1
"Npun_F2787","hypothetical protein","Poorly characterized","Poorly characterized","Poorly characterized",1914511,3809988,3806003,2101,1876746,2705068,2606218,1584,2764031,2216533,2560302,1662,2370840,2400429,2624193,1630,1791768,1674580,1828367,1167,1929977,1774573,1854727,1225,3350542,3324428,3964297,2345,3501769,3229605,4047440,2376,1994017,2333102,1837546,1359,2054246,2134632,2416634,1456,4927583,4069320,3364323,2725,1646042,2745023,2988600,1626,4.26011780115304e-05,0.0165008562831328,0.247512844246992,0.24691642775483
"Npun_R2800","peptidase A24A domain-containing protein","Brite Hierarchies","Protein families: metabolism","Peptidases and inhibitors",91447,77286,61801,86,47665,38379,36339,45,69041,115882,92225,103,98622,100036,92523,108,67769,60569,51054,67,56194,61283,51538,63,81677,66549,59941,77,66534,79901,56684,75,55129,47962,40635,53,54004,53063,40824,55,43424,43837,66576,57,56193,37552,39765,49,0.000127336077956715,0.0250645994690882,0.739822612928513,0.736511874901638
"Npun_R2814","methyltransferase type 11","Poorly characterized","Poorly characterized","Poorly characterized",79902,114073,87316,101,341316,341645,403382,391,145688,108886,121618,135,105131,106117,110544,116,269125,252583,252059,279,292682,263920,321218,316,138647,135690,154195,154,110115,106087,137503,127,271229,292270,297822,310,261533,288085,316622,312,130029,129885,105265,131,218862,277440,277577,279,0.000776915886233026,0.0392511417305555,1,1
"Npun_R2842","hypothetical protein","Poorly characterized","Poorly characterized","Poorly characterized",4032,1388,4561,12,7614,8612,6010,27,4056,3019,1688,10,2524,4214,1881,10,10168,9400,9300,36,9747,8159,8110,32,2470,4313,2448,11,4847,4769,3153,15,10900,11182,10599,40,11782,11519,10432,42,4292,5500,4589,17,17146,15323,10750,53,0.00029665857305138,0.0317292089398043,1,1
"Npun_R2844","hypothetical protein","Poorly characterized","Poorly characterized","Poorly characterized",4103,4804,0,11,6957,9150,6889,28,3191,2406,1743,9,3750,4074,1199,11,8586,11541,12460,40,12237,11207,10793,42,3239,5310,2656,13,7002,3559,3777,17,18175,14790,13907,58,13211,12487,12844,48,5570,6848,4432,21,18725,15435,15501,61,0.00104842765186927,0.0423347315202593,1,1
"Npun_R2846","peptidase M16 domain-containing protein","Brite Hierarchies","Protein families: metabolism","Peptidases and inhibitors",56735,62980,44997,36,175194,164721,217419,125,105975,87648,95650,64,79059,76244,102549,57,161810,168209,191623,117,156879,150289,173604,107,90685,98528,107617,66,76982,79232,87938,54,174299,177881,221993,128,171201,185495,200533,125,91921,98604,87289,62,208737,231297,239979,152,0.000791609381397046,0.0396487112579038,1,1
"Npun_F2920","RNA 3'-terminal-phosphate cyclase","Not Included in Pathway or Brite","Unclassified: metabolism","Enzymes with EC numbers",10004,10809,20865,13,21856,22796,18760,20,8367,12583,12602,10,14287,11883,10351,11,23573,28891,23824,24,22337,25752,24073,22,16416,17899,17319,16,16503,16342,18411,16,18749,23851,30391,23,26511,27096,24755,24,19050,21836,21360,19,24428,24433,21355,22,0.000308177949267773,0.0317292089398043,1,1
"Npun_F2925","GAF and PAS/PAC sensor-containing adenylate/guanylate cyclase","Metabolism","Nucleotide metabolism","Purine metabolism",74684,74423,79075,29,44138,39530,42991,16,58740,73743,65230,25,64807,82445,63963,27,42974,49686,45123,17,44586,50128,47351,18,91668,88032,92899,35,99368,101002,88212,37,46311,52681,42293,18,53817,51764,56906,21,76102,83343,107261,34,53377,46182,37451,17,0.000832917479557775,0.0403270879685889,1,1
"Npun_F2967","flavodoxin FldA","Not Included in Pathway or Brite","Unclassified: metabolism","Energy metabolism",13592,30549,22042,43,2730,2115,631,3,8316,23945,14618,30,13575,14996,12881,26,5922,3156,2796,7,3768,3644,2280,6,22604,13043,16152,33,20982,25181,15239,39,9109,3901,2924,10,3570,2332,2254,5,21466,12795,18456,34,2973,2897,3438,6,0.0015405658504139,0.0495989195434779,1,1
"Npun_R3100","alcohol dehydrogenase","Poorly characterized","Poorly characterized","Poorly characterized",128364,225875,244967,162,21112,33749,27024,22,211869,201043,210742,169,215545,253913,299706,208,46386,50168,44185,38,117106,94673,124144,91,461533,410152,526297,378,418553,399209,506269,358,134057,106988,95705,91,97756,95459,97366,78,653755,546814,481617,455,63184,70576,74035,56,0.000801026902077657,0.0397774897527452,1,1
"Npun_R3250","rhodanese","Poorly characterized","Poorly characterized","Poorly characterized",69584,82408,68452,218,840046,685059,792612,2299,116852,150374,128462,392,83715,82934,79887,244,830408,753892,742990,2308,755511,817531,979546,2532,120527,113800,110639,342,65313,69076,70874,203,709974,505748,655852,1856,588531,508056,554109,1637,85640,88752,97115,269,395012,412852,487229,1284,0.000189517774296745,0.0317292089398043,1,1
"Npun_R3254","CsbD family protein","Poorly characterized","Poorly characterized","Poorly characterized",33854,101290,166009,548,9636,29274,24517,115,71906,97612,36315,374,60753,71700,88022,401,8658,4541,3682,30,16142,12416,15562,80,36674,25932,43804,193,30349,43685,52932,231,17322,18192,26508,112,17164,17048,21201,100,42601,30966,26250,181,14740,72573,47767,246,0.00062088389363348,0.036437418861839,1,1
"Npun_R3314","hypothetical protein","Poorly characterized","Poorly characterized","Poorly characterized",17145,23533,8505,21,7132,4475,6323,7,23347,20774,20137,27,17056,18257,23224,25,5595,5102,5973,7,6885,7294,7481,9,16296,17687,19039,22,18328,20938,19571,25,3660,4304,2864,4,6377,4292,6748,7,10550,10295,13320,14,2777,3267,3792,4,0.000694063518982146,0.038042538163078,1,1
"Npun_R3336","hypothetical protein","Poorly characterized","Poorly characterized","Poorly characterized",20734,16819,13625,4,80081,126988,120307,30,30786,28892,28316,8,18582,20317,12171,4,74240,78998,84712,22,75000,75548,65720,20,29386,27202,27548,7,18218,18500,23130,5,71424,77855,123895,25,81707,78087,88132,23,34768,39028,28206,9,64908,94228,108757,25,0.00113167763486952,0.0435069261331477,1,1
"Npun_R3353","transposase IS66","Not Included in Pathway or Brite","Unclassified: genetic information processing","Replication and repair",12003,12768,5679,9,37909,39778,45651,38,20901,25380,21866,21,20175,21880,22561,20,37207,43096,53693,41,42672,43909,42043,39,20006,18499,20271,18,14851,15883,18464,15,27483,26781,63707,36,40497,35847,46600,38,14426,17203,13230,13,28434,29073,35006,28,0.000217563469875114,0.0317292089398043,1,1
"Npun_F3483","group 1 glycosyl transferase","Poorly characterized","Poorly characterized","Poorly characterized",341263,519904,532842,402,270934,289171,316396,252,311884,374054,361208,302,317704,357337,344974,294,217044,215443,212807,186,229722,243849,230984,203,329833,317861,327448,281,297880,363627,306711,279,186670,218847,261294,192,212982,243467,258782,206,167669,165010,175752,146,192129,196803,223616,176,0.000458215299137095,0.0341311652305964,1,1
"Npun_F3515","heat shock protein 90","Brite Hierarchies","Protein families: metabolism","Protein phosphatases and associated proteins",173520,248718,380282,134,838709,1508085,1636313,667,306483,195822,204234,118,207965,240533,318675,128,637749,634911,860258,357,738082,655901,1056806,410,333415,386651,509625,206,330916,385011,513749,206,1112845,1595021,1071314,633,988115,1218306,1665305,648,798565,1024757,420554,376,1059831,2497256,2453221,1007,4.60254354698878e-05,0.016712986255003,0.267407780080048,0.266717398548
"Npun_F3521","secretion protein HlyD","Environmental Information Processing","Membrane transport","Bacterial secretion system",10827,22717,21689,11,4740,8000,5880,4,12872,12696,11216,7,13640,16386,14936,9,4316,4999,4009,2,5555,5220,6620,3,15341,16944,22261,11,17734,19724,18148,11,6064,4166,3955,3,5248,4998,5528,3,18427,15808,13961,10,3534,4826,5331,2,0.00109827972971809,0.0431149002004198,1,1
"Npun_F3543","hypothetical protein","Poorly characterized","Poorly characterized","Poorly characterized",11511,9325,8063,14,4446,2842,2523,4,6394,10060,7602,11,6753,6618,8674,10,4463,4309,4315,6,4666,4566,4554,6,7836,8877,6365,11,8763,10290,5811,12,4459,4412,2868,5,5330,4422,3423,6,5772,8177,8724,11,17317,19644,5437,21,0.00124857573569563,0.0455259843584917,1,1
"Npun_F3544","photosystem q(b) protein","Metabolism","Energy metabolism","Photosynthesis",120856,75615,27280,68,211300,327053,168306,217,88220,73766,89209,77,87368,99026,140765,100,323871,546313,701383,483,649706,408293,257217,404,87049,130452,138250,109,162482,175954,193670,163,1566417,2223634,1015553,1479,1596605,1989915,1470272,1556,111281,132480,97711,105,1435308,1662056,1387970,1380,1.60018694330339e-05,0.0119383371953759,0.0929708614059271,0.092922855797628
"Npun_R3615","L,L-diaminopimelate aminotransferase","Metabolism","Amino acid metabolism","Lysine biosynthesis",62258,56157,14008,35,383620,236966,327913,255,76953,74903,104469,69,74573,61371,77035,57,476192,407119,412099,349,395792,407055,509938,354,82653,74938,75159,62,64360,57716,72054,52,399073,367350,367443,305,343273,354974,340480,280,53803,56818,53488,44,302850,202689,230196,198,1.87572201654964e-05,0.0119383371953759,0.108979449161534,0.108848148620376
"Npun_F3680","ribonuclease BN","Not Included in Pathway or Brite","Poorly characterized","General function prediction only",26434,33344,25250,31,13298,16663,20313,18,23429,30149,24554,28,28085,29696,12037,25,12851,14538,18325,16,15693,14157,13976,16,23814,20584,20810,24,22376,26881,21957,26,15044,12315,14170,15,12517,13462,14770,15,18978,20598,27454,24,12392,9706,8142,11,0.00162237496169846,0.0495989195434779,1,1
"Npun_R3773","hypothetical protein","Poorly characterized","Poorly characterized","Poorly characterized",171121,200513,212007,589,397209,617345,535981,1566,209081,144000,150761,508,156989,157884,194047,514,382217,348634,400514,1142,333214,321440,390488,1055,188763,199965,246395,641,175098,184511,233672,599,432195,504146,214762,1162,381548,406935,451192,1252,304134,253338,230576,796,363737,490373,551979,1420,0.000273217559383407,0.0317292089398043,1,1
"Npun_R3783","dihydroxy-acid dehydratase","Metabolism","Amino acid metabolism","Valine, leucine and isoleucine biosynthesis",127153,112350,53708,57,439418,252409,384062,212,164512,195231,212366,113,181740,142922,187131,101,500271,509767,488971,296,428758,416205,451394,256,174544,171972,161887,100,141703,137737,145913,84,436996,387861,366256,235,427036,437754,360906,242,118209,125704,105656,69,880197,603568,691699,430,0.000711352849412293,0.0382681486581983,1,1
"Npun_F3862","photosystem I reaction center protein PsaF subunit III","Metabolism","Energy metabolism","Photosynthesis",998526,714307,318157,1367,6692886,3907358,5317041,10718,1869994,1811628,2010281,3832,1264217,1062269,1029504,2259,7057313,6789959,5511556,13036,6390105,5972298,6554945,12738,1581376,1553673,1332599,3008,847279,691562,878848,1628,6621630,5390478,5324087,11674,5576725,5818213,4902982,10975,661422,914297,542498,1426,3940257,2413157,2829897,6184,0.000341989819962703,0.0317292089398043,1,1
"Npun_F3863","photosystem I reaction center subunit IX","Metabolism","Energy metabolism","Photosynthesis",397968,178500,81283,1461,2217135,903460,1298954,9821,578582,663688,709227,4336,418573,338374,282218,2309,2655699,2378422,2251386,16190,2142705,2149854,2132780,14278,437115,468946,330445,2747,254297,223663,213564,1536,1987286,1352139,1509604,10775,1816121,1753714,1348842,10930,123832,222308,198538,1210,1265334,424280,544443,4964,0.000705024393710415,0.0382681486581983,1,1
"Npun_F3876","polysaccharide deacetylase","Not Included in Pathway or Brite","Unclassified: metabolism","Enzymes with EC numbers",30625,27891,30753,32,48441,87060,92540,83,28114,21339,18850,24,15991,20878,23822,22,61305,59259,59425,65,54781,52798,60857,61,20485,26945,30985,28,22281,27258,24455,27,50816,77020,76180,74,59149,61176,89544,76,41489,36778,30847,39,81065,177806,133623,143,1.82469813234077e-05,0.0119383371953759,0.106014961488999,0.105905479601059
"Npun_R3937","photosystem I reaction center subunit IV","Metabolism","Energy metabolism","Photosynthesis",711413,543559,263713,2343,1408151,997346,1186041,5542,634684,805211,720395,3333,603275,679789,500638,2752,1739225,1672889,1545493,7650,1532962,1611866,1723733,7513,706757,652583,607423,3035,498569,490006,444269,2211,1348185,986389,893807,4982,1144627,924987,875346,4544,289054,308660,388187,1521,888792,715070,745074,3624,0.000727891429567503,0.038798616566855,1,1
"Npun_F4004","hypothetical protein","Poorly characterized","Poorly characterized","Poorly characterized",92609,92660,83961,67,513812,523090,552974,399,174256,167868,142405,121,122898,108927,135094,92,507085,540331,529426,396,445492,455839,550633,364,126166,135952,154877,104,70871,107121,94258,68,480514,580536,640235,427,566690,658803,639731,468,123667,149394,149249,106,502513,509196,573010,398,0.000250595325251072,0.0317292089398043,1,1
"Npun_R4059","hypothetical protein","Poorly characterized","Poorly characterized","Poorly characterized",670055,1135638,1271630,1436,132726,155775,191795,224,486804,709158,524552,803,643844,719569,737694,980,144473,167121,181254,230,164204,172432,168016,235,731528,630454,781726,1000,724469,923890,862066,1172,159547,143500,256656,261,119200,124754,153835,185,556171,356224,434513,628,81443,170525,154237,189,0.00136753567348251,0.0472939420412703,1,1
"Npun_F4075","hypothetical protein","Poorly characterized","Poorly characterized","Poorly characterized",70902,79530,52795,32,250101,223732,289952,123,128241,97772,104217,53,99005,91433,95481,46,222804,200600,198819,100,206166,202619,253125,107,95245,107898,114354,51,90653,80146,98896,43,226318,258056,286640,125,213246,262420,296629,125,79099,85644,76291,39,246879,271325,263737,126,0.000143000847936013,0.0251768159547951,0.830834926508238,0.826258899374285
"Npun_R4233","shikimate 5-dehydrogenase","Poorly characterized","Poorly characterized","Poorly characterized",310402,486272,304649,413,121522,96963,98323,118,314866,636600,529000,555,546497,610610,356429,568,329705,283760,182335,298,317492,281915,305288,339,809224,602948,666629,780,817604,692566,688361,825,325441,330396,261178,344,228371,213801,172220,230,391549,326936,281981,375,228834,168561,161259,209,0.00104926012718027,0.0423347315202593,1,1
"Npun_R4238","hypothetical protein","Poorly characterized","Poorly characterized","Poorly characterized",18377,53160,4532,30,12621,12371,15664,16,16095,28081,26167,28,27846,21441,20023,27,31692,31398,32741,38,37401,33783,30374,40,48637,77236,58711,74,65399,49982,44936,64,59497,76021,42317,71,48348,61847,53112,65,48826,75715,42272,66,115200,91011,81520,115,0.00127763547353429,0.0457930940641676,1,1
"Npun_F4264","hypothetical protein","Poorly characterized","Poorly characterized","Poorly characterized",162157,87490,40818,403,20869,12003,13590,64,68111,171166,110850,486,123626,135939,150468,569,15486,26440,31683,102,21496,24854,23957,97,99400,94370,81147,381,86591,113229,77716,385,11222,8618,21514,57,22470,15419,15441,74,22574,36294,61201,166,34592,20033,22300,106,0.000264095391455512,0.0317292089398043,1,1
"Npun_F4265","hypothetical protein","Poorly characterized","Poorly characterized","Poorly characterized",123116,71336,17304,235,26039,8065,12675,51,77622,154915,131008,403,119969,113902,121688,395,21867,32870,35999,100,26023,25358,30647,91,130352,114344,100771,383,105629,128862,100358,372,15400,11316,24914,57,30293,23843,22024,84,33610,52121,74943,178,34646,11780,14228,67,1.31270157048862e-05,0.0119383371953759,0.0762679612453886,0.0762417072139788
"Npun_F4298","hypothetical protein","Poorly characterized","Poorly characterized","Poorly characterized",73427,66661,44555,37,152457,182037,228623,115,75671,95637,89791,53,63684,69139,75155,42,167495,189525,206534,115,167583,178711,205177,112,106807,96032,109415,63,64856,84596,77112,46,182111,183783,231849,122,191664,217974,236538,131,81860,85861,98814,54,142662,166549,177362,99,0.0011643808636732,0.0439289144022163,1,1
"Npun_R4325","TM helix repeat-containing protein","Poorly characterized","Poorly characterized","Poorly characterized",112729,72161,18187,40,662516,371159,478686,304,240353,194833,226206,133,141779,137562,145141,85,706804,711807,597834,406,688233,702040,788671,439,173584,228865,180774,117,122410,112552,145732,76,755750,666662,675453,423,730666,840205,699796,457,67983,118761,75658,52,653692,344915,394857,280,0.000376158150870042,0.0317292089398043,1,1
"Npun_R4410","HAD family hydrolase","Not Included in Pathway or Brite","Poorly characterized","General function prediction only",22092,36083,36639,39,41153,62277,65985,69,34110,26289,30687,37,27868,33376,34404,39,40311,37732,40766,49,34247,36277,46026,48,27453,25640,44173,40,26366,29007,41736,40,31412,40249,45493,48,37406,30576,48683,48,31131,30456,22195,34,29565,58447,52532,58,0.000368643534924775,0.0317292089398043,1,1
"Npun_F4413","hypothetical protein","Brite Hierarchies","Protein families: genetic information processing","Ribosome",170239,181784,117451,521,225586,210549,238244,749,212418,175601,185402,637,220497,193083,147596,623,68025,57922,59172,205,47026,52408,65491,183,54731,60058,63113,197,60015,93678,75773,254,55038,58100,22049,150,73024,66786,65193,227,75176,72842,62575,233,47333,78815,72480,220,0.000575792870132977,0.036437418861839,1,1
"Npun_R4472","hypothetical protein","Brite Hierarchies","Protein families: signaling and cellular processes","Cytoskeleton proteins",307701,239258,184432,208,1093336,901871,1103474,882,409804,341190,369568,319,321165,324578,310459,272,1265607,1292912,1300919,1099,1320366,1309179,1539031,1187,409721,492072,440501,382,345825,341018,379140,303,1437626,1371029,1476580,1220,1326568,1533773,1335919,1195,314028,353935,298731,275,1682522,1465423,1379470,1289,6.03316518097383e-05,0.017526344850729,0.35052689701458,0.349380595630195
"Npun_R4474","oxidoreductase domain-containing protein","Poorly characterized","Poorly characterized","Poorly characterized",1134591,2105366,973307,1296,869068,595738,826929,705,1425619,1452156,1699736,1408,1572372,1438085,1727952,1458,743714,673777,698482,651,871664,859958,1027145,849,1625543,1624102,1572613,1484,1697298,1458906,1639883,1476,763830,726832,315856,556,707918,750671,768643,685,941809,907665,845705,829,640800,528881,598138,544,0.00103545124094131,0.0423347315202593,1,1
"Npun_R4478","hypothetical protein","Poorly characterized","Poorly characterized","Poorly characterized",42593,42793,34020,91,14142,27820,24530,50,27139,37364,33762,75,35902,36563,33748,81,23347,30760,25904,61,24695,28397,28766,62,38784,60183,45646,110,43678,43136,46034,101,27804,33608,31709,71,28805,30329,31196,69,22416,33469,27244,63,106927,93715,64409,203,0.00137595854287089,0.0473036635152656,1,1
"Npun_F4495","hypothetical protein","Poorly characterized","Poorly characterized","Poorly characterized",53655,99409,36403,43,260406,269456,277885,184,102075,104690,104820,71,83040,81235,110648,62,251260,265730,251231,175,271757,256671,265704,181,153321,136051,141696,98,97095,88990,102529,65,272112,293900,250319,186,279746,285395,307892,199,127512,131510,115106,85,221646,210481,268356,160,0.00131181814974455,0.0461476489415984,1,1
"Npun_F4520","PUCC protein","Brite Hierarchies","Protein families: signaling and cellular processes","Transporters",104315,88514,133343,81,161768,177078,165304,125,151469,151243,168631,117,155977,142192,143197,109,248279,248933,235729,182,256408,241643,257009,187,136649,147554,139043,105,122595,124226,135714,95,234033,209660,265273,176,209870,226818,221677,163,93944,109296,102270,75,153967,114971,136839,100,0.000540421951197843,0.0360902475455111,1,1
"Npun_F4544","hypothetical protein","Poorly characterized","Poorly characterized","Poorly characterized",107610,101264,42583,99,314480,223822,285631,325,146639,139085,162448,177,129308,125305,156478,162,347261,308730,317300,384,269856,280736,317486,343,132332,126521,139857,157,109939,111038,126734,137,260279,245082,262768,303,268280,289404,279938,331,100813,118940,108619,129,206800,155120,192595,219,0.000894860444893268,0.0407927250150917,1,1
"Npun_R4664","hypothetical protein","Poorly characterized","Poorly characterized","Poorly characterized",171672,127352,117863,130,101182,70785,89092,81,171059,116539,131421,131,147261,136228,134239,131,62285,60408,58024,56,54296,52873,67687,54,72391,79303,72053,70,89205,84503,107274,88,44949,43569,25904,35,46260,48756,52897,46,58155,64650,57246,56,39664,40445,38472,37,0.000997834955265242,0.0423347315202593,1,1
"Npun_R4739","PadR-like family transcriptional regulator","Poorly characterized","Poorly characterized","Poorly characterized",2793,8845,0,7,12860,5391,10777,17,5794,6392,6577,11,7397,5555,5289,11,10148,10760,9261,18,10987,9571,9983,18,5791,6611,6625,11,5428,5263,6824,10,9864,10517,7383,16,9156,9686,8768,16,3898,7438,7624,11,8137,7022,7287,13,6.81112629895861e-05,0.0179875653622498,0.395726437969495,0.394296101446714
"Npun_R4774","hypothetical protein","Poorly characterized","Poorly characterized","Poorly characterized",19946,32738,17863,27,13000,14582,17184,17,20670,23151,20353,25,20664,22495,22433,25,17242,15295,17408,19,19759,17681,20752,22,29173,25210,35296,35,24670,33496,29466,34,18080,18509,19752,22,21467,19561,22030,24,21790,25408,22260,27,16436,22313,22657,24,0.00169695542575402,0.0495989195434779,1,1
"Npun_F4812","hypothetical protein","Poorly characterized","Poorly characterized","Poorly characterized",223602,382316,196056,311,174378,181424,146201,195,267720,254887,287129,314,335216,307555,357345,388,209483,197523,230127,247,288708,265489,272225,321,488313,883989,671934,794,762661,605734,692943,800,409536,605767,276887,502,376623,443993,418940,481,461886,603938,415916,575,1310401,1579612,917177,1479,0.000605390444841943,0.036437418861839,1,1
"Npun_F4813","hypothetical protein","Poorly characterized","Poorly characterized","Poorly characterized",38085,34623,7975,106,17410,21114,13590,68,19576,34710,34185,117,29411,33743,33328,127,24157,24103,25926,98,26723,25303,23105,99,36302,67302,37369,186,58190,56335,39266,203,33686,34094,15137,109,30708,32396,27122,119,24460,33793,41234,131,83745,64918,47194,259,0.000898703752483948,0.0407927250150917,1,1
"Npun_R4816","hypothetical protein","Poorly characterized","Poorly characterized","Poorly characterized",101359,187837,252972,265,173088,301966,260166,359,158801,143623,113943,203,137620,142569,156742,213,98077,95046,106000,146,102204,105654,116724,158,93625,92823,129377,154,75420,132701,107812,154,120800,126995,143475,191,118758,136246,151520,198,111949,86258,99412,145,116240,208412,179351,246,0.0016009410682351,0.0495989195434779,1,1
"Npun_F4832","hypothetical protein","Poorly characterized","Poorly characterized","Poorly characterized",60487,98488,106945,38,172853,329249,362865,126,98316,73999,69255,35,53901,66137,62184,26,185062,184002,200619,83,159124,154594,171265,70,121043,120861,135078,55,94674,99587,118967,45,249581,326484,318557,130,228199,270048,319351,119,251750,219737,146137,90,221065,438945,428388,158,0.000995683880900767,0.0423347315202593,1,1
"Npun_F4863","F0F1 ATP synthase subunit alpha","Metabolism","Energy metabolism","Oxidative phosphorylation",484146,531468,509123,334,2267022,2205760,2925064,1621,884646,658834,758088,504,699891,685436,718238,461,2541895,2157307,2204062,1512,2110170,2023623,2802638,1520,938328,1136427,1143504,705,825071,818691,1018317,583,2368869,2307537,2675497,1611,2069212,2414092,2767354,1589,800834,832863,554255,479,2285831,2834847,3169196,1816,3.42292893612389e-05,0.0146663862098639,0.198872171188798,0.198461419716463
"Npun_F4864","F0F1 ATP synthase subunit gamma","Metabolism","Energy metabolism","Oxidative phosphorylation",182854,159284,102266,156,823536,583983,917223,817,279092,220164,264970,268,251965,222343,225665,246,805003,672511,716240,771,599581,579880,840594,710,253052,316610,297122,304,213150,194890,263897,236,702965,700305,623252,712,579354,690243,814137,732,228785,227062,142361,210,721802,986872,1112454,991,0.000203004404695062,0.0317292089398043,1,1
"Npun_F4916","dihydrodipicolinate reductase","Metabolism","Amino acid metabolism","Lysine biosynthesis",93215,99040,98852,115,210209,169999,170139,219,125319,97286,110180,132,106560,100722,102412,123,176215,172849,174554,208,151289,148235,176132,189,82618,91823,93317,106,92008,90846,91474,109,175762,175193,186687,214,160632,170336,161538,196,74066,85194,71670,91,140461,99760,129429,147,0.00123622432847468,0.0455259843584917,1,1
"Npun_F4926","peptidase M48, Ste24p","Poorly characterized","Poorly characterized","Poorly characterized",322272,367170,192554,340,79457,72757,76221,88,204508,374559,339805,354,335182,331952,342737,389,125557,133885,124606,148,101877,112901,101401,121,246789,242266,229300,277,277018,292027,241372,312,98172,78684,132984,119,76494,76766,72441,87,142081,132027,168296,170,71557,46541,49291,64,0.000808817408589635,0.0398239757958117,1,1
"Npun_R4950","heterocyst formation protein HetP-like protein","Poorly characterized","Poorly characterized","Poorly characterized",17313,15394,6297,40,31110,23777,33858,92,18308,14183,15432,49,13906,14778,17440,47,19244,19389,18990,59,16308,19469,21035,58,16003,13305,15049,46,13577,14554,13726,43,19555,18144,19408,59,18310,20020,20291,60,13894,10191,11613,37,14620,22283,23554,62,0.000875229578052849,0.040659886005048,1,1
"Npun_R5019","glycosyl transferase family protein","Poorly characterized","Poorly characterized","Poorly characterized",174398,147749,82371,140,799148,433555,603636,637,198985,210070,228258,221,168262,168143,177514,178,905075,799937,755061,854,835553,879212,985454,937,189032,206927,174572,198,150214,147340,143570,153,690591,617951,375992,584,703236,776259,659706,742,123829,135058,176461,151,420676,216931,253557,309,0.000994009365148173,0.0423347315202593,1,1
"Npun_F5122","alpha-glucan phosphorylase","Metabolism","Carbohydrate metabolism","Starch and sucrose metabolism",262080,325728,232960,106,2247768,1720895,2453563,834,391922,410075,404167,156,318237,311263,301656,121,1889735,1757608,1617041,684,1669212,1686384,1814822,671,370219,379523,376734,146,246913,250457,227140,94,1675026,1731079,2055665,709,1563732,1867996,1948990,699,467517,461443,401171,172,1089724,1208009,1300032,467,2.0547912556585e-05,0.0119383371953759,0.119383371953759,0.119198440740749
"Npun_R5132","iron-sulfur cluster binding protein","Brite Hierarchies","Protein families: genetic information processing","Transfer RNA biogenesis",131346,180486,107828,88,68817,61082,83837,44,125287,172070,144039,92,139238,132716,173847,93,76301,60951,64952,42,70858,76863,75667,47,171467,132950,159959,97,190218,194353,152555,113,88819,80366,62972,48,68522,68175,59652,41,171100,140176,186920,104,80198,56148,63905,42,0.00132073300205498,0.0461476489415984,1,1
"Npun_R5188","photosystem q(b) protein","Metabolism","Energy metabolism","Photosynthesis",380233,245178,111712,226,424173,647092,339462,434,208720,142012,207995,171,235320,232900,359542,254,792522,1225970,1526363,1091,1161840,852845,537123,785,169478,242642,227001,196,415943,431668,533933,425,2149901,3633821,2017443,2401,2479813,3015189,1959596,2294,414284,422340,310669,353,3017266,3808557,3149428,3070,0.000363031739848718,0.0317292089398043,1,1
"Npun_R5218","D-3-phosphoglycerate dehydrogenase","Metabolism","Energy metabolism","Methane metabolism",223049,247504,228575,147,1646236,1336702,1691935,985,414016,403904,422588,261,292278,274924,323827,187,1748540,1664638,1551601,1046,1345047,1340554,1468017,875,402166,399717,405767,254,240792,265811,274887,164,1679748,1763628,1334642,1007,1400969,1595804,1482050,944,441730,419611,396833,265,1036897,905842,1049773,630,0.000766117229779471,0.039045097412445,1,1
"Npun_F5332","HrmR family transcripitonal regulator","Brite Hierarchies","Protein families: genetic information processing","Transcription factors",37732,53774,15979,34,28535,34397,21020,27,33505,56161,54868,46,52678,57774,35053,47,29371,40244,39121,35,43187,42667,27101,36,54554,51255,41978,47,53703,45235,41391,45,33189,34154,31689,32,44956,32809,31975,35,63854,62309,68016,62,33680,24076,30753,28,0.0012615634219823,0.0455259843584917,1,1
"Npun_R5354","patatin","Poorly characterized","Poorly characterized","Poorly characterized",18763,9855,0,8,29558,31987,30312,26,11308,9679,12647,9,7052,5270,5799,5,30742,28750,22802,23,33197,29758,23265,24,9365,16147,10985,10,9084,8563,4282,6,38366,47490,33939,33,35014,39896,39710,32,8595,7461,5193,6,33090,40068,34486,30,0.00061019567764036,0.036437418861839,1,1
"Npun_R5387","glutamine synthetase","Metabolism","Carbohydrate metabolism","Glyoxylate and dicarboxylate metabolism",982732,1157355,954796,725,4852115,4642442,5414746,3494,1688708,1410136,1501719,1078,1153248,1066622,1287880,822,3673440,3276151,3557610,2463,3559149,3651258,4521615,2750,1072261,1226773,1412622,870,706241,917359,955757,604,4031580,4110557,4039153,2855,3512930,4076793,4322329,2792,1043804,1037443,918640,703,2571074,2800579,3014958,1965,0.000444769798179349,0.0335599029535327,1,1
"Npun_R5455","photosystem q(b) protein","Metabolism","Energy metabolism","Photosynthesis",9900885,6327367,2500382,5764,20686737,18866165,12919978,16150,8018282,10953837,11382666,9342,8187964,7956939,10874564,8316,44936913,63367230,65848962,53602,56386709,48154734,41023792,44803,21913857,20101420,21694621,19609,15812628,15458691,15399832,14364,86989578,96021584,53368138,72754,79080720,91582201,62045711,71624,20189462,28355924,20221712,21165,57220696,43019102,42900061,44056,0.000197548537349005,0.0317292089398043,1,1
"Npun_F5466","1-deoxy-D-xylulose-5-phosphate synthase","Metabolism","Metabolism of cofactors and vitamins","Thiamine metabolism",312948,279305,320865,159,1859423,1791855,2229687,1027,706982,502606,576716,312,409131,401271,479652,225,1376123,1198218,1276860,672,1208988,1219485,1630846,709,353476,394571,438115,207,259570,292223,374907,161,1298421,1350108,1282485,686,1184111,1388172,1467969,705,295348,319509,305101,160,995493,1022821,1227013,566,0.000302242509665471,0.0317292089398043,1,1
"Npun_R5468","hypothetical protein","Poorly characterized","Poorly characterized","Poorly characterized",21023,29397,22513,20,268419,386572,374053,290,62473,66545,58710,52,30980,36486,34794,28,305416,307432,287721,253,331489,293592,290638,258,130229,106774,136445,105,49136,50398,56912,44,418089,502461,335057,354,422993,482020,499384,396,64672,75519,51631,54,350213,444675,506420,366,0.000749968763679669,0.039045097412445,1,1
"Npun_R5469","heme peroxidase","Poorly characterized","Poorly characterized","Poorly characterized",19460,22324,18128,12,406687,406268,458082,260,66851,79807,73886,45,21144,22326,17767,12,383398,376078,323646,221,328720,311787,278011,187,124107,106913,123448,72,39950,30857,37112,22,442361,510096,339480,264,425849,444482,448163,269,65042,72588,41762,36,315525,394411,417318,230,0.0014745006291151,0.0492347623859696,1,1
"Npun_F5478","manganese and iron superoxide dismutase","Poorly characterized","Poorly characterized","Poorly characterized",24979,20537,13331,25,98340,136194,148989,163,46112,23723,32159,43,20611,20779,16240,24,104622,90688,91051,122,70552,76630,99400,105,29161,26595,29029,36,23088,20750,34658,33,84896,72089,76679,99,74633,78064,92175,104,19277,21262,18796,25,90201,89116,105816,121,0.00170262019753887,0.0495989195434779,1,1
"Npun_R5569","elongation factor Ts","Brite Hierarchies","Protein families: genetic information processing","Translation factors",703192,604040,399499,602,1782514,1181395,1533262,1586,599050,642534,735676,697,724689,651047,732071,743,1886056,1648242,1640675,1825,1453374,1486517,1728191,1646,514007,509073,540808,551,570179,530833,545669,580,1525958,1387075,1397499,1520,1313642,1224548,1316717,1359,536093,600623,659162,633,1262110,1012989,1131776,1201,0.000465971492806762,0.034245450508938,1,1
"Npun_R5615","hypothetical protein","Poorly characterized","Poorly characterized","Poorly characterized",96293,116077,143113,146,291744,406347,435401,466,170461,122883,141136,178,112048,111309,143153,150,393746,393805,408605,492,377002,347984,425096,473,210055,221408,246429,278,168534,145570,195130,209,458169,493478,357491,538,351842,402205,421936,483,249209,223299,172496,265,378033,463346,444248,529,0.00110762984029767,0.0431901300142919,1,1
"Npun_F5640","CheA signal transduction histidine kinase","Environmental Information Processing","Signal transduction","Two-component system",20967,38398,17363,8,65028,51299,51756,18,19984,25798,27104,7,22528,23673,20991,7,87743,85396,79228,27,57107,58249,48923,17,38944,93552,70827,22,49198,45718,55077,16,155547,238934,149660,59,138302,188087,205602,58,89431,158521,51073,32,340381,490849,372354,131,0.000951116286766873,0.0421830963825613,1,1
"Npun_R5719","UDP-N-acetylglucosamine 1-carboxyvinyltransferase","Metabolism","Carbohydrate metabolism","Amino sugar and nucleotide sugar metabolism",133387,83732,106739,82,528193,584989,597362,435,210676,147275,183988,138,126544,118825,123520,94,648748,681008,640692,502,639207,667252,824643,543,182703,205172,194476,148,129604,122284,159658,104,678428,728402,425041,466,741908,829475,716252,582,125687,164375,125630,105,807538,645201,656426,537,0.00151089520811517,0.0495989195434779,1,1
"Npun_F5844","hypothetical protein","Poorly characterized","Poorly characterized","Poorly characterized",76925,53152,55238,93,271372,389400,347221,509,94235,76179,72873,122,43814,44765,48119,69,270270,281704,306363,433,258912,265294,285948,409,80630,61835,76117,110,33652,33636,50408,59,278706,278250,287510,426,258014,249571,258648,386,54563,49328,38399,71,216073,276511,298166,399,0.000588589094173136,0.036437418861839,1,1
"Npun_F5853","50S ribosomal protein L10","Genetic Information Processing","Translation","Ribosome",207507,180256,191877,314,939151,751453,1159850,1544,135545,133562,122389,212,126164,134454,82040,185,1513225,1353768,1234709,2223,1166029,1144877,1325447,1970,214740,203445,228877,350,128895,134042,167862,233,1082154,1214373,672045,1608,991842,1052302,1030515,1666,323650,284428,182836,428,569005,618438,680412,1012,0.000102628566508907,0.023543351625482,0.59627197141675,0.593808885820536
"Npun_R5862","hypothetical protein","Poorly characterized","Poorly characterized","Poorly characterized",52952,42647,8946,102,25116,18470,21007,63,33731,51424,48208,131,44618,42967,41261,126,35249,37665,35126,106,36152,38920,32893,106,38685,35506,32362,104,41095,35675,31716,106,26406,21069,31825,77,31127,26823,23196,79,21624,27135,34779,82,26119,15445,16437,57,7.66508118509015e-05,0.0191598532378582,0.445341216853738,0.443654898993018
"Npun_F5961","response regulator receiver, CheY","Environmental Information Processing","Signal transduction","Two-component system",20568,20190,45909,78,13672,29358,18780,56,28839,28719,32422,81,30978,31432,27776,82,19332,19460,22141,55,22906,24099,23755,64,32137,44176,46852,112,38277,43560,44652,115,35759,43213,32976,101,36185,33188,51629,110,40338,57701,38077,123,67042,105943,76323,227,0.00101819745451007,0.0423347315202593,1,1
"Npun_F5963","methyl-accepting chemotaxis sensory transducer","Environmental Information Processing","Signal transduction","Two-component system",154564,197897,261389,69,181188,263750,210168,73,196604,179371,191572,64,170721,162152,197117,59,165863,179486,195720,61,205944,194532,191878,66,250030,398736,394829,117,313346,289574,358208,108,317987,483842,274510,121,279806,329141,402360,114,429712,443823,255862,127,844623,1801168,1136230,427,0.000476333746865178,0.034245450508938,1,1
"Npun_F5964","CheA signal transduction histidine kinase","Poorly characterized","Poorly characterized","Poorly characterized",111700,134693,129252,22,111344,148625,130592,23,141521,116209,122325,22,133419,124650,142694,23,123953,135775,148737,24,135848,136257,134730,24,150911,229307,200392,34,198637,178878,212790,35,175000,237836,224023,37,200422,229214,242304,40,245526,283456,199135,43,495689,658634,473890,96,0.000401623069767418,0.0317292089398043,1,1
"Npun_F6047","phosphoglycerate mutase","Metabolism","Energy metabolism","Methane metabolism",101995,143351,153884,98,196345,236358,272562,173,162172,148988,132798,109,141147,142555,172853,112,190920,182057,204997,142,165890,172847,211080,135,129073,135831,153189,103,133395,146974,142552,104,192062,205976,167838,139,182905,201557,202809,144,148195,152674,139361,108,149849,160343,166412,117,0.000633440406286795,0.036437418861839,1,1
"Npun_R6195","cof family hydrolase","Poorly characterized","Poorly characterized","Poorly characterized",29055,27625,30929,33,59678,65727,60381,71,31248,24804,28520,32,24830,29462,32625,33,51458,52727,52184,59,48610,55187,61221,63,27869,25609,25729,30,25912,25056,25821,29,44649,44748,52109,54,51638,51702,55477,60,23854,21348,29474,28,41594,37510,39752,45,0.000517930711759239,0.0355975977491961,1,1
"Npun_R6196","hypothetical protein","Poorly characterized","Poorly characterized","Poorly characterized",35074,53913,30723,54,27389,17345,23016,30,28826,34175,31645,42,31781,33209,24500,40,24988,23691,23484,32,24133,21613,19966,29,36493,43912,34588,52,42488,32451,36049,50,23437,28251,14578,30,23858,24198,24472,32,58357,52133,47208,71,58770,82120,45395,84,0.000619536224911371,0.036437418861839,1,1
"Npun_F6222","VacB/RNase II family 3'-5' exoribonuclease","Genetic Information Processing","Folding, sorting and degradation","RNA degradation",283357,285795,174308,105,430028,355172,456822,175,342489,338054,357411,146,334152,334359,353831,144,446644,432215,432109,185,416128,402175,442288,178,324240,355286,348004,145,329288,327450,334093,140,452938,461805,270131,167,364895,431567,411908,171,352398,313949,279248,133,376141,395566,426360,169,0.00085427717080909,0.040659886005048,1,1
"Npun_F6252","nitroreductase","Poorly characterized","Poorly characterized","Poorly characterized",53197,61787,44173,79,365561,400099,434776,600,133196,97221,105287,168,93056,84836,103677,140,320006,332397,364376,508,386514,367863,433372,594,131844,131862,141389,202,86605,92341,117067,148,386655,413490,665880,733,379633,406190,443959,615,89018,106142,60375,127,448288,544643,561872,778,0.00157526281616616,0.0495989195434779,1,1
"Npun_R6263","hypothetical protein","Poorly characterized","Poorly characterized","Poorly characterized",22069,27548,11624,40,12749,16145,15426,29,29293,21861,21001,48,19914,23653,26559,46,15964,16307,14632,31,19580,19890,16467,37,29147,31564,31068,61,35054,30532,30910,64,19504,15857,18669,36,20200,17137,19032,37,30781,31117,29583,61,16629,19052,15040,33,0.00109140149116028,0.0431149002004198,1,1
"Npun_R6266","acetyl-CoA synthetase","Metabolism","Carbohydrate metabolism","Glycolysis / Gluconeogenesis",90763,83859,83608,43,500545,421417,529205,245,163101,170674,171023,85,126826,124724,139605,66,495702,498416,505281,253,551722,538128,614361,287,151215,158730,162739,79,91663,96429,118857,51,561084,532155,674630,298,531033,570161,570451,282,121995,134393,124037,64,416968,407625,434475,212,0.000378427264037076,0.0317292089398043,1,1
"Npun_R6327","cytochrome P450","Poorly characterized","Poorly characterized","Poorly characterized",67738,52881,26927,31,110989,148362,143877,86,87880,79230,71481,51,65545,79516,66319,45,140959,166511,149917,98,164785,159092,168241,105,100576,109280,101545,66,76917,86551,92296,54,174028,154316,202676,114,164408,181938,196551,116,96871,94274,79727,58,92855,92921,102621,61,0.000631419176823624,0.036437418861839,1,1
"Npun_F6328","NADPH-dependent FMN reductase","Not Included in Pathway or Brite","Unclassified: metabolism","Secondary metabolism",18688,24199,22660,35,186474,130135,187620,270,31769,31853,32014,51,21298,25189,21603,36,198971,200048,179436,310,191089,195575,195595,312,34641,33297,36135,55,25459,23965,16773,35,143531,145682,118933,219,154608,158743,162678,255,36249,35395,29337,54,79068,44414,57786,97,0.000138049429089642,0.0250645994690882,0.802067183010822,0.797787650709043
"Npun_F6430","hypothetical protein","Poorly characterized","Poorly characterized","Poorly characterized",22001,21598,4532,40,16283,15139,8003,33,20589,24070,29646,63,19265,15580,16780,43,16993,11847,12331,34,17162,21676,18380,48,59359,80646,37588,150,103313,29861,35997,143,30848,17643,22808,60,34576,18061,11766,54,112746,80643,90617,240,43649,32744,32273,92,0.00102724900443595,0.0423347315202593,1,1
"Npun_R6432","hypothetical protein","Poorly characterized","Poorly characterized","Poorly characterized",54217,56128,33137,78,34522,37996,30618,56,51307,47345,52126,82,51376,56556,50754,87,34160,40773,39248,62,39702,36199,33850,60,51700,55722,63046,93,59149,57248,66081,100,49898,47734,25621,67,42201,40824,41258,68,73685,60462,43819,97,37700,53745,53193,79,0.00112786650686424,0.0435069261331477,1,1
"Npun_F6435","hypothetical protein","Poorly characterized","Poorly characterized","Poorly characterized",97031,141590,46968,154,37913,42746,43255,66,66068,110579,109591,154,124688,110105,59323,158,62261,66337,57668,100,76021,75733,63501,116,214120,194079,104817,276,352904,119519,117344,318,116842,60855,72688,135,111958,60409,40961,115,457783,304654,456765,657,75451,30886,35853,76,0.00132644705219396,0.0461476489415984,1,1
"Npun_R6495","hypothetical protein","Poorly characterized","Poorly characterized","Poorly characterized",12937,18307,22630,22,57461,102613,84931,100,28331,17634,20100,26,19689,18628,22107,24,48161,44426,49247,57,46097,46450,47770,57,23713,27842,28473,32,19441,23064,27616,28,61826,84387,81258,92,62549,63382,74449,81,22009,25998,15854,26,83020,123494,107602,128,0.0003891390844127,0.0317292089398043,1,1
"Npun_F6582","phosphoribosylformylglycinamidine synthase subunit PurS","Metabolism","Nucleotide metabolism","Purine metabolism",34272,41854,53119,154,89945,113287,126060,393,54577,33421,38852,151,37658,42392,47291,152,92136,81028,89127,313,84669,82401,104684,324,52575,50760,56803,191,43763,46611,51690,169,103198,109760,43679,306,91364,90272,106512,344,74716,72272,52257,238,78108,109392,111334,357,0.000765639471000719,0.039045097412445,1,1
"Npun_R6595","hypothetical protein","Poorly characterized","Poorly characterized","Poorly characterized",1276488,2645822,1036962,2127,405230,322090,353094,463,1184638,1899008,1782912,2087,1812766,1858768,1711969,2309,596594,584240,522773,730,882421,780611,833024,1070,2449084,2503870,2106146,3028,2521202,2093761,2105297,2882,850289,652309,988629,1068,573427,587323,531855,726,810839,980429,787285,1106,485891,316268,302213,473,0.0010579026829841,0.042389066125087,1,1
"Npun_AF008","transposase, IS4 family protein","Poorly characterized","Poorly characterized","Poorly characterized",25434,39397,23572,21,11268,19277,19411,12,23041,18402,18798,14,21768,18093,17676,14,5772,5724,8446,4,8367,7329,7078,5,12638,15265,14221,10,11593,17018,18969,11,6050,6647,12804,6,7179,4748,8634,5,20303,18632,20302,14,8882,18321,8247,8,0.000292352643330454,0.0317292089398043,1,1
"Npun_AR068","hypothetical protein","Poorly characterized","Poorly characterized","Poorly characterized",126855,157095,48675,300,40739,28831,40383,99,58286,107052,99196,238,93914,94447,72722,235,34205,41338,45254,109,44019,44336,34425,110,103109,80338,82407,240,113318,100868,85334,270,41931,33695,37123,101,43698,44582,41191,116,95733,90427,78174,238,40366,16937,21904,71,0.000409364811069149,0.0317292089398043,1,1
"Npun_AF076","lanthionine synthetase C family protein","Poorly characterized","Poorly characterized","Poorly characterized",62470,103407,29811,19,35441,40366,29228,10,74318,150199,123044,34,105154,101177,93363,29,29553,33913,33445,9,41570,34368,30587,10,109068,94241,123072,32,126912,145980,102570,37,25714,28638,29560,8,40910,38133,28075,10,36689,25023,43395,10,46186,37607,53667,13,0.0010367201426842,0.0423347315202593,1,1
"Npun_AF082","hypothetical protein","Poorly characterized","Poorly characterized","Poorly characterized",78707,143330,144349,83,40906,43781,61859,33,82760,149524,131883,83,137806,142156,123574,92,42124,42235,46105,29,67915,57310,51898,40,161017,102267,158628,96,157830,163198,132565,103,48977,51796,36008,31,54821,54343,49430,36,89900,58024,67761,49,53022,52919,69656,40,0.000654424630269609,0.036437418861839,1,1
"Npun_AF094","Fis family transcriptional regulator","Poorly characterized","Poorly characterized","Poorly characterized",47301,90390,145350,29,59359,104306,106091,27,60457,95115,82004,24,75669,87671,82473,25,46232,47130,53687,15,65083,61526,51405,18,120079,99023,152462,38,122341,129791,141830,40,56611,69076,54330,18,63466,61977,76343,20,100280,71133,62389,24,72881,143934,162763,39,0.000396361500762433,0.0317292089398043,1,1
"Npun_AF095","peptidase C14, caspase catalytic subunit p20","Poorly characterized","Poorly characterized","Poorly characterized",123030,257771,138699,75,175253,206850,184911,82,212898,298093,300952,118,281365,278699,300684,125,136423,145342,170744,65,213800,177935,169529,81,380945,318222,441085,165,397037,402262,372241,170,187501,187960,195481,83,181883,208639,187370,84,196384,163957,149192,74,213346,263112,327445,116,0.000409585313336544,0.0317292089398043,1,1
"Npun_AR198","hypothetical protein","Poorly characterized","Poorly characterized","Poorly characterized",25756,21683,9034,24,89507,78781,77787,107,27480,36411,34620,43,27690,22748,15406,28,126701,160346,135261,184,137837,144702,118582,175,35872,45315,37205,51,35131,35924,23021,41,145407,157589,83535,169,146625,158919,143354,196,42581,57313,52918,66,143032,88490,78501,135,0.000375117031629684,0.0317292089398043,1,1
"Npun_AR241","aldo/keto reductase","Poorly characterized","Poorly characterized","Poorly characterized",7922,6589,7298,7,92449,55063,69693,70,13980,11748,11759,12,7387,8746,7866,7,70122,68017,67656,67,58863,65975,88954,69,8386,11088,9078,9,5409,6538,6541,6,46509,36604,77654,52,62646,71191,65206,65,5413,4648,7515,5,50066,24882,38279,37,0.000520791016984797,0.0355975977491961,1,1
"Npun_BR084","histone family protein DNA-binding protein","Brite Hierarchies","Protein families: genetic information processing","DNA replication proteins",6767,10647,6798,29,21621,32072,21235,90,19797,16059,11038,56,17041,16080,18402,62,31839,37642,35845,127,32498,33301,41267,129,18207,21149,22329,74,16725,18738,15831,61,24410,30147,35021,108,36821,31736,30645,119,9170,12772,15021,44,36022,25707,23425,102,0.00101612728439723,0.0423347315202593,1,1
"Npun_BR188","hypothetical protein","Poorly characterized","Poorly characterized","Poorly characterized",7190,7378,18098,16,35505,88006,58470,89,11704,7844,6201,12,5766,6570,7957,9,42275,46230,42235,64,36008,38392,41590,57,12717,10910,14654,18,7050,9031,13003,14,51596,72004,83172,101,50197,59017,73746,89,13028,12125,6430,15,51293,92720,101203,120,0.000238318576291914,0.0317292089398043,1,1
"Npun_BF193","hypothetical protein","Poorly characterized","Poorly characterized","Poorly characterized",2136,760,0,0,16188,46544,15364,23,1397,1415,1001,1,1007,1509,1133,1,5345,10016,9447,7,10340,6516,4213,6,1732,2480,2319,1,1323,1541,1662,1,21491,33669,31765,26,29412,39517,30409,30,2424,2330,2262,2,89266,258015,222366,172,0.000135388326765416,0.0250645994690882,0.786606178507067,0.782544528704104
"Npun_BF195","hypothetical protein","Poorly characterized","Poorly characterized","Poorly characterized",2654,889,0,0,69016,214174,114723,84,2658,3307,3219,1,2348,3658,8683,3,25250,46676,47807,25,54685,41722,12971,23,3656,5898,4259,2,2558,2649,3338,1,136156,236144,132145,107,169562,229353,184244,124,4699,4226,2723,2,502039,979569,783922,482,0.000131463714200071,0.0250645994690882,0.763804179502414,0.760123195504812
"Npun_BR208","hypothetical protein","Poorly characterized","Poorly characterized","Poorly characterized",1769,2787,13507,5,11236,62177,30921,29,3929,2240,2578,2,1320,1380,3205,1,6421,10937,10149,7,16352,12113,6434,9,5097,5665,7820,5,3584,4840,7259,4,34694,58099,63280,43,43057,41936,44848,36,4664,6404,3407,4,100048,305120,231681,179,0.00039507819349332,0.0317292089398043,1,1
"Npun_BR209","hypothetical protein","Poorly characterized","Poorly characterized","Poorly characterized",540,766,0,1,3498,14203,11373,29,553,576,983,2,358,430,185,0,1906,3683,2635,8,4306,3354,1203,9,1091,974,1287,3,1368,1680,1357,4,8311,10711,12884,32,8879,10265,12213,31,853,1670,1160,3,19546,61613,46418,130,1.6794508031761e-05,0.0119383371953759,0.0975760916645316,0.0975089136324046
"Npun_BF219","hypothetical protein","Poorly characterized","Poorly characterized","Poorly characterized",3750,3472,0,6,39095,125873,55702,196,3266,5131,4463,11,3794,7008,6322,15,16333,37297,43216,86,36190,31270,14393,72,10181,7445,7511,22,5146,5467,7606,16,104098,170431,49017,287,119459,157027,118027,350,4962,3178,5053,11,297601,362155,292438,846,0.000519650646656466,0.0355975977491961,1,1
"Npun_DR023","hypothetical protein","Poorly characterized","Poorly characterized","Poorly characterized",5349,6429,4473,4,13708,13556,12349,11,9195,7873,9278,7,7553,9538,8501,7,17075,19187,14569,15,15309,15818,20306,15,8965,10024,10342,8,9911,9006,8278,8,15839,15380,24594,16,14154,16467,18410,14,10800,9668,6183,7,12518,17425,16057,13,0.000558952674966974,0.036437418861839,1,1
"Npun_DF045","hypothetical protein","Poorly characterized","Poorly characterized","Poorly characterized",6553,11671,10829,27,24945,72085,48933,136,10164,14289,9922,32,11917,14557,13710,37,23737,30931,36943,85,25409,23020,28881,72,16991,15213,15001,44,7687,14199,10103,29,32759,42694,52608,119,40790,42465,43325,118,26253,27086,24200,72,28351,46707,47174,114,0.000863199288228688,0.040659886005048,1,1
"Npun_ER005","relaxase/mobilization nuclease family protein","Poorly characterized","Poorly characterized","Poorly characterized",11894,17022,7769,4,34386,51772,51766,17,19433,16055,17656,6,13671,16515,11289,5,27714,28509,32381,11,28134,30252,30714,11,18796,21381,22571,7,13986,16008,19555,6,34302,47237,40459,15,40169,42013,48811,16,32082,25515,23729,10,38526,55444,64379,19,0.000256984707162058,0.0317292089398043,1,1
"cSome - 479586 - predicted RNA","predicted RNA","Predicted RNA","Predicted RNA","Predicted RNA",52381,42466,63154,605,55841,153504,149369,1374,75430,36662,38573,577,53047,50422,58808,621,47807,33157,43043,475,35521,40123,41903,450,28794,45628,53696,490,24963,47205,52682,478,66501,79915,46548,739,50796,74406,69572,746,13498,13575,5341,124,31412,52757,64411,569,0.00035077356150929,0.0317292089398043,1,1
"cSome - 1493157 - predicted RNA","predicted RNA","Predicted RNA","Predicted RNA","Predicted RNA",7409,8315,2472,233,27588,29523,28362,1095,7717,6703,7218,277,6545,5698,5466,227,26192,23342,22796,927,23179,21521,25207,896,8334,8242,8605,322,7571,7677,8698,307,31119,31048,15956,1001,25040,23801,25651,955,8341,7713,7048,296,19616,12380,16311,619,2.00617482558107e-05,0.0119383371953759,0.11655875736626,0.116398263380214
"cSome - 1769117 - predicted RNA","predicted RNA","Predicted RNA","Predicted RNA","Predicted RNA",12360,14091,2354,533,4728,1687,2402,163,4589,14686,12835,594,13189,10398,9782,617,6539,6288,5896,346,5213,5457,3420,260,11318,10134,6693,521,10865,9210,4402,453,3423,3225,3116,180,3406,3476,1863,161,3541,3942,7095,269,4238,1813,2444,157,0.00146761103496431,0.0492347623859696,1,1
"cSome - 3242882 - predicted RNA","predicted RNA","Predicted RNA","Predicted RNA","Predicted RNA",3087,3974,11153,155,5504,7512,10379,199,9496,4747,5349,167,5046,6508,7745,164,8025,6992,7249,190,8069,8125,11122,233,10326,15093,15280,347,11713,11847,15363,332,14840,17288,18038,428,13428,16871,22182,448,20604,30363,11647,535,23821,42732,31797,840,0.000330802488731959,0.0317292089398043,1,1
"cSome - 3458292 - predicted RNA","predicted RNA","Predicted RNA","Predicted RNA","Predicted RNA",25951,23647,40376,243,165593,222836,248253,1725,72135,62813,53989,512,39710,44056,42560,342,141104,118145,142659,1089,123892,124480,210939,1244,52695,49473,59047,436,21692,32584,42048,261,264350,314429,169436,2027,188308,241362,224984,1774,46384,50689,22535,324,134014,243040,257826,1720,0.000962371365564063,0.0423347315202593,1,1
"cSome - 4043078 - predicted RNA","predicted RNA","Predicted RNA","Predicted RNA","Predicted RNA",11796,8494,7092,86,123472,79468,110285,994,17429,29474,23000,221,13086,12802,11257,117,164903,155892,153318,1505,164402,178262,215332,1771,26973,26233,21979,238,12579,17566,11437,132,176515,115925,84922,1197,149801,142352,137691,1364,16752,18936,21283,180,101745,50078,69778,703,0.000561644109027452,0.036437418861839,1,1
"cSome - 4875858 - predicted RNA","predicted RNA","Predicted RNA","Predicted RNA","Predicted RNA",49991,19199,10153,251,241913,103684,128404,1504,52949,66953,75642,620,39740,33217,29827,326,288829,273742,230284,2517,233254,229520,221999,2173,46585,56848,37603,447,31546,23669,26476,259,225501,160731,134127,1651,207462,212403,144911,1792,19057,24690,24680,217,151636,63129,81237,939,0.0009401685685685,0.0420183029490999,1,1
"cSome - 5063376 - predicted RNA","predicted RNA","Predicted RNA","Predicted RNA","Predicted RNA",14780,37401,22071,883,3558,3091,2734,111,16178,25016,28712,832,25152,26520,20768,862,3297,3777,3175,122,5726,4896,5063,186,26441,25288,24469,907,30304,24530,26673,970,4503,3580,3060,132,4010,3314,3546,129,12008,11934,10685,412,2942,2111,2107,85,2.90135005596884e-05,0.0140473698543158,0.168568438251789,0.168249289745633
"cSome - 5966988 - predicted RNA","predicted RNA","Predicted RNA","Predicted RNA","Predicted RNA",5507,14239,7945,167,2627,5162,3350,67,5020,2360,3240,64,3636,3326,4818,71,2453,2076,3223,46,2793,2962,3632,56,6532,9996,9849,159,9242,8239,10482,169,4697,9110,2828,100,4596,5653,6430,101,9327,10020,6851,158,35180,88168,41529,999,0.000128346438219488,0.0250645994690882,0.745692806055226,0.7422274522233
"cSome - 6665298 - predicted RNA","predicted RNA","Predicted RNA","Predicted RNA","Predicted RNA",18707,15638,34226,228,85029,109578,115986,1035,24844,18362,16489,198,10719,9637,13768,113,74780,69479,72085,721,65493,72170,78005,718,20808,24683,25470,236,15589,17386,19002,173,70679,76857,49876,658,67707,76125,76305,733,26953,21543,19909,228,61186,124458,108277,979,0.000409544444139944,0.0317292089398043,1,1
"cSome - 6875057 - predicted RNA","predicted RNA","Predicted RNA","Predicted RNA","Predicted RNA",4263,4598,4826,380,10150,12207,14795,1032,4592,3985,3919,347,3427,3525,2967,275,7547,6586,6516,573,6167,6052,7837,557,2851,3090,4006,276,3491,3413,3996,302,7776,8072,3012,523,5309,6026,7108,512,5332,4442,3560,370,5427,13199,12841,874,0.00120944021890047,0.0451371870539189,1,1
"cSome - 6939107 - predicted RNA","predicted RNA","Predicted RNA","Predicted RNA","Predicted RNA",565914,637259,590258,723,3864637,2861978,4167225,4396,851015,690637,835902,959,718887,625537,732257,838,3545527,3425283,3258940,4128,2835167,2762697,3240574,3566,750457,840186,784480,958,704579,572782,712642,803,3693204,3758570,2801833,4137,2933428,3196664,3411211,3850,815826,786067,571070,876,2584956,2912069,3119248,3477,0.000257283853298199,0.0317292089398043,1,1
"cSome - 7293629 - predicted RNA","predicted RNA","Predicted RNA","Predicted RNA","Predicted RNA",17271,12526,17657,102,49225,43901,51030,312,24820,25549,32779,179,26888,21664,25737,160,75938,78264,76298,498,72474,64097,69732,446,33724,24985,29715,191,25448,22462,25160,158,75992,80340,76424,503,76757,79238,60925,469,23183,23248,15689,134,160188,129794,144846,941,0.000359208118624428,0.0317292089398043,1,1
"cSome - 7370412 - predicted RNA","predicted RNA","Predicted RNA","Predicted RNA","Predicted RNA",10696,9325,1736,402,5990,2827,3614,230,8292,8435,7590,450,8727,7944,6614,431,4117,4348,4050,231,4358,4237,4012,233,7796,6804,6168,384,7011,6657,6735,377,3958,5106,3308,229,4750,4188,3400,228,10113,7521,8457,483,5109,2876,3136,205,1.70382544175229e-05,0.0119383371953759,0.0989922581658083,0.0989070668937207
